{
  "sizes": {
    "N_SN": 1200,
    "N_H": 29,
    "N_BAO": 12
  },
  "Gauss-Newton": {
    "theta": [
      70.33243118773477,
      0.2943259795919336,
      0.7056741285827821
    ],
    "theta_err": [
      1.0680507195659033,
      0.012359610963540945,
      0.022868565924908702
    ],
    "chi2": 1354.713514342265,
    "ndof": 1239,
    "nfev": 3
  },
  "Levenberg-Marquardt": {
    "theta": [
      70.33241030864521,
      0.29432615605044754,
      0.705674532028031
    ],
    "theta_err": [
      1.0680498003377115,
      0.012359614710227226,
      0.022868567639789835
    ],
    "chi2": 1354.7135143428757,
    "ndof": 1239,
    "nfev": 3
  },
  "SciPy": {
    "theta": [
      70.33243717931089,
      0.29432560223623777,
      0.7056745015794191
    ],
    "theta_err": [
      1.0680508126566124,
      0.01235959898240397,
      0.022868574239724517
    ],
    "chi2": 1354.7135143404196,
    "ndof": 1239,
    "nfev": 4
  }
}